{"0":false,"noo_social_facebook":"https:\/\/www.facebook.com\/NooTheme","noo_social_twitter":"http:\/\/www.twitter.com\/noothemes","noo_social_google":"#","noo_social_pinterest":"https:\/\/www.pinterest.com\/NOOTheme","noo_use_inline_css":false,"noo_footer_widgets":"3","noo_bottom_bar_content":"\u00a9 2014 Jobmonster. Designed with <i class=\"fa fa-heart text-primary\">\u00a0<\/i>by NooTheme\n<div class=\"social-widget-wrap social-widget-outlined\">\n\t<a title=\"Facebook\" href=\"#\" style=\"background: #393f41; display: inline-block; text-align: center; border-radius: 30px; font-size: 14px; height: 30px; width: 30px; line-height: 30px; margin: 10px 7px 0 0\"><i class=\"fa fa-facebook facebook-bg-hover  facebook-outlined\"><\/i><\/a>\n\t<a title=\"Twitter\" href=\"#\" style=\"background: #393f41; display: inline-block; text-align: center; border-radius: 30px; font-size: 14px; height: 30px; width: 30px; line-height: 30px;  margin: 10px 7px 0 0\"><i class=\"fa fa-twitter twitter-bg-hover  twitter-outlined\"><\/i><\/a>\n\t<a title=\"Google+\" href=\"#\" style=\"background: #393f41; display: inline-block; text-align: center; border-radius: 30px; font-size: 14px; height: 30px; width: 30px; line-height: 30px; margin: 10px 7px 0 0;\"><i class=\"fa fa-google-plus google-plus-bg-hover  google-plus-outlined\"><\/i><\/a><\/div>","blogname":"JobMonster","noo_header_use_image_logo":true,"noo_header_logo_font":"Montserrat","noo_blog_show_readmore":true,"noo_custom_favicon":"http:\/\/khanhnq\/noopress\/jobmonster\/wp-content\/uploads\/2015\/03\/noo20x20.png","noo_mailchimp_api_key":"fd57ca2393bade3d49348be42a8599bd-us3","noo_job_list_sidebar":"sidebar-job","noo_resume_list_sidebar":"sidebar-resume","noo_header_logo_image":"http:\/\/wpthemes.noothemes.com\/noopress\/jobmonster\/wp-content\/uploads\/2015\/03\/logo-jobmonster.png","noo_header_logo_mobile_image":"http:\/\/wpthemes.noothemes.com\/noopress\/jobmonster\/wp-content\/uploads\/2015\/03\/logo-mobile.png","noo_site_link_color":"#e6b706","noo_back_to_top":true}